{"train_loss":3.169642686843872,"train_accuracy":0,"_timestamp":1.7367089527095294e+09,"_wandb":{"runtime":397},"_runtime":396.9998409,"_step":693}